查詢時間,日期類別,航程類型,出發地,目的地,航班日期,航空公司,航班時間與機型,票價(TWD)
2026-09-24 13:32:02,🎯基準目標,,LAX,TPE,,長榮航空,,66402
2026-09-24 13:32:02,🎯基準目標,,LAX,TPE,,長榮航空,,66402
2026-09-24 13:32:02,🎯基準目標,,LAX,TPE,,長榮航空,,66402
2026-09-24 13:32:12,🎯基準目標,,LAX,TPE,,長榮航空,,66402
2026-09-24 13:32:12,🎯基準目標,,LAX,TPE,,長榮航空,,66402
2026-09-24 13:32:12,🎯基準目標,,LAX,TPE,,長榮航空,,66402
2026-09-24 13:32:51,🎯基準目標,,LAX,TPE,,長榮航空,,66402
2026-09-24 13:32:51,🎯基準目標,,LAX,TPE,,長榮航空,,66402
2026-09-24 13:32:51,🎯基準目標,,LAX,TPE,,長榮航空,,66402
2026-09-24 13:39:24,🎯基準目標,,LAX,TPE,,長榮航空,,66402
2026-09-24 13:39:24,🎯基準目標,,LAX,TPE,,長榮航空,,66402
2026-09-24 13:39:24,🎯基準目標,,LAX,TPE,,長榮航空,,66402
2026-09-24 13:40:48,🎯基準目標,,LAX,TPE,,長榮航空,,66402
2026-09-24 13:40:48,🎯基準目標,,LAX,TPE,,長榮航空,,66402
2026-09-24 13:40:48,🎯基準目標,,LAX,TPE,,長榮航空,,66402
2026-09-24 13:41:25,🎯基準目標,,LAX,TPE,,長榮航空,,66402
2026-09-24 13:41:25,🎯基準目標,,LAX,TPE,,長榮航空,,66402
2026-09-24 13:41:25,🎯基準目標,,LAX,TPE,,長榮航空,,66402
2026-09-24 13:44:06,🎯基準目標,來回套票 (直飛),LAX,TPE,2026-12-15 往返 2027-01-10,長榮航空,LAX->TPE 10:40~17:20 (Boeing 777),66402
2026-09-24 13:44:06,🎯基準目標,來回套票 (直飛),LAX,TPE,2026-12-15 往返 2027-01-10,長榮航空,LAX->TPE 22:35~05:15 (Boeing 777),66402
2026-09-24 13:44:06,🎯基準目標,來回套票 (直飛),LAX,TPE,2026-12-15 往返 2027-01-10,長榮航空,LAX->TPE 23:00~05:40 (Boeing 777),66402
2026-09-24 13:44:06,🎯基準目標,去程單程 (直飛),LAX,TPE,2026-12-15,中華航空,LAX->TPE 22:40~05:20 (Airbus A350),38422
2026-09-24 13:44:06,🎯基準目標,去程單程 (直飛),LAX,TPE,2026-12-15,長榮航空,LAX->TPE 10:40~17:20 (Boeing 777),39058
2026-09-24 13:44:06,🎯基準目標,去程單程 (直飛),LAX,TPE,2026-12-15,長榮航空,LAX->TPE 22:35~05:15 (Boeing 777),39058
2026-09-24 13:44:06,🎯基準目標,去程單程 (直飛),LAX,TPE,2026-12-15,長榮航空,LAX->TPE 23:00~05:40 (Boeing 777),39058
2026-09-24 13:44:06,🎯基準目標,回程單程 (直飛),TPE,LAX,2027-01-10,長榮航空,TPE->LAX 11:20~07:00 (Boeing 777),37724
2026-09-24 13:44:06,🎯基準目標,回程單程 (直飛),TPE,LAX,2027-01-10,長榮航空,TPE->LAX 19:40~15:20 (Boeing 777),37724
2026-09-24 13:44:06,🎯基準目標,回程單程 (直飛),TPE,LAX,2027-01-10,長榮航空,TPE->LAX 23:55~19:35 (Boeing 777),37724
2026-09-24 13:44:06,🎯基準目標,回程單程 (直飛),TPE,LAX,2027-01-10,星宇航空,TPE->LAX 23:40~19:05 (Airbus A350),40520
2026-10-06 12:45:48,🎯基準目標,來回套票 (直飛),LAX,TPE,2026-12-15 往返 2027-01-10,長榮航空,LAX->TPE 22:35~05:15 (Boeing 777),66299
2026-10-06 12:45:48,🎯基準目標,來回套票 (直飛),LAX,TPE,2026-12-15 往返 2027-01-10,長榮航空,LAX->TPE 23:00~05:40 (Boeing 777),66299
2026-10-06 12:45:48,🎯基準目標,來回套票 (直飛),LAX,TPE,2026-12-15 往返 2027-01-10,中華航空,LAX->TPE 22:40~05:20 (Airbus A350),67281
2026-10-06 12:45:48,🎯基準目標,來回套票 (直飛),LAX,TPE,2026-12-15 往返 2027-01-10,星宇航空,LAX->TPE 22:50~05:30 (Airbus A350),71951
2026-10-06 12:45:48,🎯基準目標,去程單程 (直飛),LAX,TPE,2026-12-15,中華航空,LAX->TPE 22:40~05:20 (Airbus A350),38358
2026-10-06 12:45:48,🎯基準目標,去程單程 (直飛),LAX,TPE,2026-12-15,長榮航空,LAX->TPE 22:35~05:15 (Boeing 777),38993
2026-10-06 12:45:48,🎯基準目標,去程單程 (直飛),LAX,TPE,2026-12-15,長榮航空,LAX->TPE 23:00~05:40 (Boeing 777),38993
2026-10-06 12:45:48,🎯基準目標,去程單程 (直飛),LAX,TPE,2026-12-15,星宇航空,LAX->TPE 22:50~05:30 (Airbus A350),40169
2026-10-06 12:45:48,🎯基準目標,回程單程 (直飛),TPE,LAX,2027-01-10,長榮航空,TPE->LAX 11:20~07:00 (Boeing 777),37759
2026-10-06 12:45:48,🎯基準目標,回程單程 (直飛),TPE,LAX,2027-01-10,長榮航空,TPE->LAX 19:40~15:20 (Boeing 777),37759
2026-10-06 12:45:48,🎯基準目標,回程單程 (直飛),TPE,LAX,2027-01-10,長榮航空,TPE->LAX 23:55~19:35 (Boeing 777),37759
2026-10-06 12:45:48,🎯基準目標,回程單程 (直飛),TPE,LAX,2027-01-10,星宇航空,TPE->LAX 23:40~19:05 (Airbus A350),40555
2026-10-06 15:01:12,🎯基準目標,來回套票 (直飛),LAX,TPE,2026-12-15 往返 2027-01-10,長榮航空,LAX->TPE 22:35~05:15 (Boeing 777),66355
2026-10-06 15:01:12,🎯基準目標,來回套票 (直飛),LAX,TPE,2026-12-15 往返 2027-01-10,長榮航空,LAX->TPE 23:00~05:40 (Boeing 777),66355
2026-10-06 15:01:12,🎯基準目標,來回套票 (直飛),LAX,TPE,2026-12-15 往返 2027-01-10,中華航空,LAX->TPE 22:40~05:20 (Airbus A350),69884
2026-10-06 15:01:12,🎯基準目標,來回套票 (直飛),LAX,TPE,2026-12-15 往返 2027-01-10,星宇航空,LAX->TPE 22:50~05:30 (Airbus A350),72012
2026-10-06 15:01:12,🎯基準目標,去程單程 (直飛),LAX,TPE,2026-12-15,長榮航空,LAX->TPE 22:35~05:15 (Boeing 777),39026
2026-10-06 15:01:12,🎯基準目標,去程單程 (直飛),LAX,TPE,2026-12-15,長榮航空,LAX->TPE 23:00~05:40 (Boeing 777),39026
2026-10-06 15:01:12,🎯基準目標,去程單程 (直飛),LAX,TPE,2026-12-15,中華航空,LAX->TPE 22:40~05:20 (Airbus A350),39662
2026-10-06 15:01:12,🎯基準目標,去程單程 (直飛),LAX,TPE,2026-12-15,星宇航空,LAX->TPE 22:50~05:30 (Airbus A350),40202
2026-10-06 15:01:12,🎯基準目標,回程單程 (直飛),TPE,LAX,2027-01-10,長榮航空,TPE->LAX 11:20~07:00 (Boeing 777),37759
2026-10-06 15:01:12,🎯基準目標,回程單程 (直飛),TPE,LAX,2027-01-10,長榮航空,TPE->LAX 19:40~15:20 (Boeing 777),37759
2026-10-06 15:01:12,🎯基準目標,回程單程 (直飛),TPE,LAX,2027-01-10,長榮航空,TPE->LAX 23:55~19:35 (Boeing 777),37759
2026-10-06 15:01:12,🎯基準目標,回程單程 (直飛),TPE,LAX,2027-01-10,星宇航空,TPE->LAX 23:40~19:05 (Airbus A350),40555
2026-10-08 09:00:47,🎯基準目標,來回套票 (直飛),LAX,TPE,2026-12-15 往返 2027-01-10,長榮航空,LAX->TPE 22:35~05:15 (Boeing 777),66501
2026-10-08 09:00:47,🎯基準目標,來回套票 (直飛),LAX,TPE,2026-12-15 往返 2027-01-10,長榮航空,LAX->TPE 23:00~05:40 (Boeing 777),66501
2026-10-08 09:00:47,🎯基準目標,來回套票 (直飛),LAX,TPE,2026-12-15 往返 2027-01-10,中華航空,LAX->TPE 22:40~05:20 (Airbus A350),71758
2026-10-08 09:00:47,🎯基準目標,來回套票 (直飛),LAX,TPE,2026-12-15 往返 2027-01-10,星宇航空,LAX->TPE 22:50~05:30 (Airbus A350),72268
2026-10-08 09:00:47,🎯基準目標,去程單程 (直飛),LAX,TPE,2026-12-15,長榮航空,LAX->TPE 22:35~05:15 (Boeing 777),39112
2026-10-08 09:00:47,🎯基準目標,去程單程 (直飛),LAX,TPE,2026-12-15,長榮航空,LAX->TPE 23:00~05:40 (Boeing 777),39112
2026-10-08 09:00:47,🎯基準目標,去程單程 (直飛),LAX,TPE,2026-12-15,中華航空,LAX->TPE 22:40~05:20 (Airbus A350),42011
2026-10-08 09:00:47,🎯基準目標,回程單程 (直飛),TPE,LAX,2027-01-10,長榮航空,TPE->LAX 11:20~07:00 (Boeing 777),38164
2026-10-08 09:00:47,🎯基準目標,回程單程 (直飛),TPE,LAX,2027-01-10,長榮航空,TPE->LAX 19:40~15:20 (Boeing 777),38164
2026-10-08 09:00:47,🎯基準目標,回程單程 (直飛),TPE,LAX,2027-01-10,星宇航空,TPE->LAX 23:40~19:05 (Airbus A350),41055
2026-10-08 09:00:47,🎯基準目標,回程單程 (直飛),TPE,LAX,2027-01-10,長榮航空,TPE->LAX 23:55~19:35 (Boeing 777),42199
2026-10-08 10:44:09,🎯基準目標,來回套票 (直飛),LAX,TPE,2026-12-15 往返 2027-01-10,長榮航空,LAX->TPE 22:35~05:15 (Boeing 777),66475
2026-10-08 10:44:09,🎯基準目標,來回套票 (直飛),LAX,TPE,2026-12-15 往返 2027-01-10,長榮航空,LAX->TPE 23:00~05:40 (Boeing 777),66475
2026-10-08 10:44:09,🎯基準目標,來回套票 (直飛),LAX,TPE,2026-12-15 往返 2027-01-10,中華航空,LAX->TPE 22:40~05:20 (Airbus A350),71731
2026-10-08 10:44:09,🎯基準目標,來回套票 (直飛),LAX,TPE,2026-12-15 往返 2027-01-10,星宇航空,LAX->TPE 22:50~05:30 (Airbus A350),72240
2026-10-08 10:44:09,🎯基準目標,去程單程 (直飛),LAX,TPE,2026-12-15,長榮航空,LAX->TPE 22:35~05:15 (Boeing 777),39097
2026-10-08 10:44:09,🎯基準目標,去程單程 (直飛),LAX,TPE,2026-12-15,長榮航空,LAX->TPE 23:00~05:40 (Boeing 777),39097
2026-10-08 10:44:09,🎯基準目標,去程單程 (直飛),LAX,TPE,2026-12-15,中華航空,LAX->TPE 22:40~05:20 (Airbus A350),41995
2026-10-08 10:44:09,🎯基準目標,回程單程 (直飛),TPE,LAX,2027-01-10,長榮航空,TPE->LAX 11:20~07:00 (Boeing 777),38164
2026-10-08 10:44:09,🎯基準目標,回程單程 (直飛),TPE,LAX,2027-01-10,長榮航空,TPE->LAX 23:55~19:35 (Boeing 777),42199
2026-10-08 10:44:09,💡彈性比價,來回套票 (直飛),LAX,TPE,2026-12-14 往返 2027-01-11,長榮航空,LAX->TPE 10:40~17:20 (Boeing 777),61379
2026-10-08 10:44:09,💡彈性比價,來回套票 (直飛),LAX,TPE,2026-12-14 往返 2027-01-10,長榮航空,LAX->TPE 10:40~17:20 (Boeing 777),62653
2026-10-08 10:44:09,💡彈性比價,來回套票 (直飛),LAX,TPE,2026-12-15 往返 2027-01-11,長榮航空,LAX->TPE 22:35~05:15 (Boeing 777),65201
2026-10-08 10:44:09,💡彈性比價,來回套票 (直飛),LAX,TPE,2026-12-14 往返 2027-01-09,長榮航空,LAX->TPE 10:40~17:20 (Boeing 777),65838
2026-10-08 10:44:09,💡彈性比價,來回套票 (直飛),LAX,TPE,2026-12-15 往返 2027-01-09,長榮航空,LAX->TPE 22:35~05:15 (Boeing 777),69661
2026-10-08 10:44:09,💡彈性比價,來回套票 (直飛),LAX,TPE,2026-12-16 往返 2027-01-11,長榮航空,LAX->TPE 22:35~05:15 (Boeing 777),70138
2026-10-08 10:44:09,💡彈性比價,來回套票 (直飛),LAX,TPE,2026-12-16 往返 2027-01-10,長榮航空,LAX->TPE 22:35~05:15 (Boeing 777),71412
2026-10-08 10:44:09,💡彈性比價,來回套票 (直飛),LAX,TPE,2026-12-16 往返 2027-01-09,長榮航空,LAX->TPE 22:35~05:15 (Boeing 777),74597
